Year,Month,Day,CO2 concentration (ppm)
1974,5,19,333.37
1974,5,26,332.95
1974,6,2,332.35
1974,6,9,332.2
1974,6,16,332.37
1974,6,23,331.73
1974,6,30,331.68
1974,7,7,331.46
1974,7,14,330.83
1974,7,21,330.76
1974,7,28,329.8
1974,8,4,329.85
1974,8,11,329.15
1974,8,18,329.06
1974,8,25,328.33
1974,9,1,328.06
1974,9,8,327.56
1974,9,15,326.72
1974,9,22,326.99
1974,9,29,327.31
1974,10,6,327.07
1974,10,13,327.23
1974,10,20,327.4
1974,10,27,327.64
1974,11,3,327.8
1974,11,10,328.5
1974,11,17,328.61
1974,11,24,328.46
1974,12,1,328.8
1974,12,8,329.39
1974,12,15,329.78
1974,12,22,329.96
1974,12,29,330.38
1975,1,5,330.49
1975,1,12,330.59
1975,1,19,330.79
1975,1,26,331.24
1975,2,2,331.64
1975,2,9,331.11
1975,2,16,331.42
1975,2,23,331.96
1975,3,2,331.77
1975,3,9,331.64
1975,3,16,332.11
1975,3,23,331.9
1975,3,30,333.3
1975,4,6,332.78
1975,4,13,333.16
1975,4,20,333.28
1975,4,27,333.48
1975,5,4,333.94
1975,5,11,334.25
1975,5,18,333.46
1975,5,25,334
1975,6,1,333.96
1975,6,8,333.19
1975,6,15,333.23
1975,6,22,333.5
1975,6,29,333.01
1975,7,6,332.32
1975,7,13,331.83
1975,7,20,331.36
1975,7,27,331.22
1975,8,3,331.01
1975,8,10,330.38
1975,8,17,329.48
1975,8,24,328.73
1975,8,31,329.32
1975,9,7,329.42
1975,9,14,327.94
1975,9,21,327.95
1975,9,28,327.97
1975,10,5,-999.99
1975,10,12,328.4
1975,10,19,328.73
1975,10,26,328.8
1975,11,2,329.03
1975,11,9,329.01
1975,11,16,329.21
1975,11,23,330.18
1975,11,30,329.72
1975,12,7,-999.99
1975,12,14,-999.99
1975,12,21,-999.99
1975,12,28,-999.99
1976,1,4,331.33
1976,1,11,331.53
1976,1,18,331.66
1976,1,25,331.88
1976,2,1,332.45
1976,2,8,332.51
1976,2,15,332.61
1976,2,22,333.49
1976,2,29,332.43
1976,3,7,332.88
1976,3,14,333.56
1976,3,21,334.33
1976,3,28,334.56
1976,4,4,335.06
1976,4,11,333.01
1976,4,18,334.7
1976,4,25,335.06
1976,5,2,334.17
1976,5,9,334.32
1976,5,16,335.29
1976,5,23,335.28
1976,5,30,334.43
1976,6,6,334.21
1976,6,13,334.17
1976,6,20,334.04
1976,6,27,-999.99
1976,7,4,333.6
1976,7,11,333.48
1976,7,18,332.43
1976,7,25,332.24
1976,8,1,331.69
1976,8,8,330.7
1976,8,15,330.44
1976,8,22,330.23
1976,8,29,330.43
1976,9,5,329.54
1976,9,12,329.54
1976,9,19,328.61
1976,9,26,327.65
1976,10,3,328.54
1976,10,10,328.55
1976,10,17,329.28
1976,10,24,328.82
1976,10,31,329.4
1976,11,7,330.44
1976,11,14,330.17
1976,11,21,330.55
1976,11,28,330.68
1976,12,5,331.19
1976,12,12,332.39
1976,12,19,331.7
1976,12,26,332.38
1977,1,2,332.39
1977,1,9,332.49
1977,1,16,332.88
1977,1,23,333.02
1977,1,30,332.98
1977,2,6,333.23
1977,2,13,333.15
1977,2,20,333.18
1977,2,27,334.35
1977,3,6,334.3
1977,3,13,335.19
1977,3,20,335.32
1977,3,27,335.17
1977,4,3,336.01
1977,4,10,335.85
1977,4,17,336.31
1977,4,24,336.59
1977,5,1,337
1977,5,8,336.58
1977,5,15,337.1
1977,5,22,336.99
1977,5,29,336.63
1977,6,5,336.2
1977,6,12,336.01
1977,6,19,336.34
1977,6,26,335.74
1977,7,3,335.46
1977,7,10,335.24
1977,7,17,334.6
1977,7,24,334.1
1977,7,31,333.42
1977,8,7,332.54
1977,8,14,332.84
1977,8,21,331.82
1977,8,28,332.25
1977,9,4,331.18
1977,9,11,331.48
1977,9,18,330.92
1977,9,25,330.93
1977,10,2,330.94
1977,10,9,331.54
1977,10,16,331.27
1977,10,23,331.37
1977,10,30,331.88
1977,11,6,332.08
1977,11,13,332.53
1977,11,20,333.11
1977,11,27,332.65
1977,12,4,333.34
1977,12,11,333.4
1977,12,18,334.03
1977,12,25,333.97
1978,1,1,334.66
1978,1,8,334.56
1978,1,15,334.94
1978,1,22,335.68
1978,1,29,335.22
1978,2,5,334.74
1978,2,12,335.3
1978,2,19,335.5
1978,2,26,335.95
1978,3,5,336.06
1978,3,12,336.73
1978,3,19,336.91
1978,3,26,337.29
1978,4,2,337.33
1978,4,9,338
1978,4,16,337.62
1978,4,23,337.87
1978,4,30,338.27
1978,5,7,338.02
1978,5,14,337.89
1978,5,21,337.79
1978,5,28,338.44
1978,6,4,338.46
1978,6,11,338.12
1978,6,18,337.62
1978,6,25,337.47
1978,7,2,336.69
1978,7,9,336.79
1978,7,16,336.34
1978,7,23,335.86
1978,7,30,335.42
1978,8,6,334.66
1978,8,13,334.69
1978,8,20,334.2
1978,8,27,333.78
1978,9,3,332.82
1978,9,10,331.85
1978,9,17,331.75
1978,9,24,332.79
1978,10,1,332.22
1978,10,8,331.91
1978,10,15,332.67
1978,10,22,332.8
1978,10,29,333.22
1978,11,5,333.57
1978,11,12,333.61
1978,11,19,334.12
1978,11,26,334.15
1978,12,3,334.46
1978,12,10,334.96
1978,12,17,335.26
1978,12,24,335.07
1978,12,31,335.2
1979,1,7,335.48
1979,1,14,336.64
1979,1,21,336.93
1979,1,28,337.02
1979,2,4,336.6
1979,2,11,336.52
1979,2,18,336.78
1979,2,25,336.9
1979,3,4,337.93
1979,3,11,338.1
1979,3,18,338.65
1979,3,25,338.97
1979,4,1,337.9
1979,4,8,338.76
1979,4,15,338.76
1979,4,22,339.38
1979,4,29,339.52
1979,5,6,338.61
1979,5,13,339.19
1979,5,20,339.4
1979,5,27,339.67
1979,6,3,339.74
1979,6,10,339.01
1979,6,17,339.15
1979,6,24,338.93
1979,7,1,338.14
1979,7,8,337.7
1979,7,15,337.91
1979,7,22,336.67
1979,7,29,336.85
1979,8,5,336.35
1979,8,12,336.17
1979,8,19,334.81
1979,8,26,334.99
1979,9,2,333.74
1979,9,9,334.4
1979,9,16,333.61
1979,9,23,333.61
1979,9,30,334.11
1979,10,7,334.52
1979,10,14,334.09
1979,10,21,334.35
1979,10,28,334.54
1979,11,4,334.8
1979,11,11,335.36
1979,11,18,335.79
1979,11,25,335.88
1979,12,2,336.4
1979,12,9,336.72
1979,12,16,337.01
1979,12,23,337.2
1979,12,30,337.53
1980,1,6,337.4
1980,1,13,337.71
1980,1,20,338.65
1980,1,27,337.89
1980,2,3,338.47
1980,2,10,338.19
1980,2,17,338.35
1980,2,24,338.91
1980,3,2,339.43
1980,3,9,339.83
1980,3,16,339.66
1980,3,23,340.84
1980,3,30,340.63
1980,4,6,340.81
1980,4,13,340.98
1980,4,20,341.14
1980,4,27,341.35
1980,5,4,341.39
1980,5,11,341.71
1980,5,18,341.34
1980,5,25,341.32
1980,6,1,341.64
1980,6,8,341.62
1980,6,15,341.5
1980,6,22,340.76
1980,6,29,340.49
1980,7,6,339.95
1980,7,13,339.3
1980,7,20,338.77
1980,7,27,338.81
1980,8,3,336.78
1980,8,10,337.99
1980,8,17,338.36
1980,8,24,337.21
1980,8,31,336.9
1980,9,7,335.96
1980,9,14,336.43
1980,9,21,335.71
1980,9,28,335.77
1980,10,5,335.72
1980,10,12,336.11
1980,10,19,336.51
1980,10,26,336.69
1980,11,2,336.9
1980,11,9,337.49
1980,11,16,337.22
1980,11,23,337.65
1980,11,30,337.8
1980,12,7,338.09
1980,12,14,338.52
1980,12,21,338.39
1980,12,28,338.61
1981,1,4,339.12
1981,1,11,339.25
1981,1,18,339.55
1981,1,25,339.67
1981,2,1,339.89
1981,2,8,340.7
1981,2,15,340.18
1981,2,22,341.34
1981,3,1,341.23
1981,3,8,340.97
1981,3,15,341.61
1981,3,22,342.49
1981,3,29,342.29
1981,4,5,342.62
1981,4,12,342.96
1981,4,19,342.54
1981,4,26,342.68
1981,5,3,343.07
1981,5,10,343.05
1981,5,17,342.95
1981,5,24,343
1981,5,31,342.87
1981,6,7,342.83
1981,6,14,342.41
1981,6,21,342.18
1981,6,28,341.72
1981,7,5,341.3
1981,7,12,340.54
1981,7,19,340.72
1981,7,26,340.21
1981,8,2,339.32
1981,8,9,339
1981,8,16,338.42
1981,8,23,337.19
1981,8,30,337.6
1981,9,6,337.1
1981,9,13,336.92
1981,9,20,336.84
1981,9,27,336.14
1981,10,4,336.64
1981,10,11,337.08
1981,10,18,337.22
1981,10,25,337.63
1981,11,1,338.13
1981,11,8,338.29
1981,11,15,338.45
1981,11,22,339.23
1981,11,29,339.72
1981,12,6,339.7
1981,12,13,339.78
1981,12,20,340.03
1981,12,27,340.42
1982,1,3,340.57
1982,1,10,340.75
1982,1,17,340.79
1982,1,24,341.63
1982,1,31,341.75
1982,2,7,341.57
1982,2,14,341.6
1982,2,21,341.95
1982,2,28,342.69
1982,3,7,342.46
1982,3,14,342.71
1982,3,21,-999.99
1982,3,28,342.83
1982,4,4,343.38
1982,4,11,-999.99
1982,4,18,-999.99
1982,4,25,345.11
1982,5,2,344.38
1982,5,9,344.91
1982,5,16,344.78
1982,5,23,344.97
1982,5,30,344.23
1982,6,6,344.07
1982,6,13,344.18
1982,6,20,343.51
1982,6,27,343.34
1982,7,4,343.02
1982,7,11,342.35
1982,7,18,342.19
1982,7,25,341.86
1982,8,1,341.16
1982,8,8,340.7
1982,8,15,340.58
1982,8,22,339.46
1982,8,29,338.97
1982,9,5,338.83
1982,9,12,339.09
1982,9,19,337.35
1982,9,26,337.62
1982,10,3,338.02
1982,10,10,338.06
1982,10,17,338.31
1982,10,24,339.3
1982,10,31,338.9
1982,11,7,339.13
1982,11,14,339.43
1982,11,21,340.17
1982,11,28,339.7
1982,12,5,340.44
1982,12,12,340.69
1982,12,19,341.24
1982,12,26,341.31
1983,1,2,341.58
1983,1,9,342.07
1983,1,16,341.32
1983,1,23,341.62
1983,1,30,341.97
1983,2,6,342.66
1983,2,13,342.94
1983,2,20,342.91
1983,2,27,342.59
1983,3,6,342.51
1983,3,13,343.61
1983,3,20,345.18
1983,3,27,343.92
1983,4,3,344.89
1983,4,10,345.2
1983,4,17,345.72
1983,4,24,345.93
1983,5,1,345.78
1983,5,8,346.05
1983,5,15,346.43
1983,5,22,346.18
1983,5,29,346.06
1983,6,5,346.23
1983,6,12,345.85
1983,6,19,345.52
1983,6,26,345.12
1983,7,3,345.17
1983,7,10,344.12
1983,7,17,344.27
1983,7,24,343.72
1983,7,31,343.1
1983,8,7,-999.99
1983,8,14,342.33
1983,8,21,342.05
1983,8,28,340.98
1983,9,4,340.47
1983,9,11,340.37
1983,9,18,340.43
1983,9,25,340.47
1983,10,2,340.13
1983,10,9,340.34
1983,10,16,340.96
1983,10,23,340.82
1983,10,30,341.21
1983,11,6,341.51
1983,11,13,341.8
1983,11,20,342.05
1983,11,27,342.43
1983,12,4,342.61
1983,12,11,342.97
1983,12,18,343.54
1983,12,25,343.76
1984,1,1,344.19
1984,1,8,343.89
1984,1,15,344.09
1984,1,22,344.49
1984,1,29,344.71
1984,2,5,344.99
1984,2,12,344.78
1984,2,19,345.12
1984,2,26,345.05
1984,3,4,345.36
1984,3,11,345.67
1984,3,18,345.86
1984,3,25,345.91
1984,4,1,-999.99
1984,4,8,-999.99
1984,4,15,-999.99
1984,4,22,-999.99
1984,4,29,347.76
1984,5,6,347.27
1984,5,13,348.04
1984,5,20,347.7
1984,5,27,347.67
1984,6,3,347.31
1984,6,10,347.56
1984,6,17,347.11
1984,6,24,346.67
1984,7,1,346.46
1984,7,8,346.31
1984,7,15,345.75
1984,7,22,345.09
1984,7,29,344.97
1984,8,5,344.53
1984,8,12,344.37
1984,8,19,343.24
1984,8,26,342.32
1984,9,2,341.07
1984,9,9,341.29
1984,9,16,342.07
1984,9,23,341.43
1984,9,30,341.95
1984,10,7,341.55
1984,10,14,342.19
1984,10,21,342.12
1984,10,28,342.26
1984,11,4,342.82
1984,11,11,343.32
1984,11,18,343.69
1984,11,25,343.71
1984,12,2,344.24
1984,12,9,344.85
1984,12,16,345.09
1984,12,23,345.78
1984,12,30,345.64
1985,1,6,345.57
1985,1,13,345.36
1985,1,20,345.35
1985,1,27,345.83
1985,2,3,346.16
1985,2,10,346
1985,2,17,346.74
1985,2,24,346.94
1985,3,3,347.48
1985,3,10,347.84
1985,3,17,348.19
1985,3,24,348.08
1985,3,31,348.56
1985,4,7,348.52
1985,4,14,348.17
1985,4,21,349.11
1985,4,28,349.21
1985,5,5,349.54
1985,5,12,349.39
1985,5,19,349.32
1985,5,26,348.92
1985,6,2,349.09
1985,6,9,349.02
1985,6,16,348.59
1985,6,23,348.03
1985,6,30,347.45
1985,7,7,347.31
1985,7,14,347.07
1985,7,21,346.67
1985,7,28,345.96
1985,8,4,345.51
1985,8,11,344.35
1985,8,18,344.79
1985,8,25,344.94
1985,9,1,344.33
1985,9,8,343.79
1985,9,15,343.54
1985,9,22,342.48
1985,9,29,342.48
1985,10,6,343.07
1985,10,13,343.17
1985,10,20,343.83
1985,10,27,343.97
1985,11,3,343.97
1985,11,10,344.57
1985,11,17,345.05
1985,11,24,345.58
1985,12,1,345.53
1985,12,8,346.07
1985,12,15,346.12
1985,12,22,346.28
1985,12,29,346.93
1986,1,5,346.81
1986,1,12,346.66
1986,1,19,346.98
1986,1,26,346.71
1986,2,2,347.15
1986,2,9,347.43
1986,2,16,347.79
1986,2,23,347.62
1986,3,2,347.19
1986,3,9,347.28
1986,3,16,348.08
1986,3,23,349.54
1986,3,30,349.06
1986,4,6,349.72
1986,4,13,349.85
1986,4,20,350.16
1986,4,27,350.77
1986,5,4,350.49
1986,5,11,350.71
1986,5,18,350.7
1986,5,25,350.16
1986,6,1,350.38
1986,6,8,350.34
1986,6,15,350.12
1986,6,22,349.6
1986,6,29,349.14
1986,7,6,348.89
1986,7,13,347.71
1986,7,20,347.95
1986,7,27,347.82
1986,8,3,346.81
1986,8,10,346.28
1986,8,17,345.76
1986,8,24,345.74
1986,8,31,345.33
1986,9,7,345.74
1986,9,14,346.07
1986,9,21,344.75
1986,9,28,345.16
1986,10,5,344.46
1986,10,12,344.67
1986,10,19,344.75
1986,10,26,345.55
1986,11,2,345.75
1986,11,9,346.27
1986,11,16,346.22
1986,11,23,346.55
1986,11,30,347.38
1986,12,7,347.32
1986,12,14,347.36
1986,12,21,347.49
1986,12,28,347.84
1987,1,4,348.3
1987,1,11,349.04
1987,1,18,348.82
1987,1,25,348.81
1987,2,1,348.65
1987,2,8,348.42
1987,2,15,349.13
1987,2,22,349.61
1987,3,1,349.2
1987,3,8,349.37
1987,3,15,350.11
1987,3,22,350.49
1987,3,29,351.19
1987,4,5,350.84
1987,4,12,351.17
1987,4,19,351.72
1987,4,26,351.81
1987,5,3,352.21
1987,5,10,352.13
1987,5,17,352.11
1987,5,24,352.29
1987,5,31,352.2
1987,6,7,351.8
1987,6,14,351.42
1987,6,21,351.32
1987,6,28,350.67
1987,7,5,350.84
1987,7,12,349.79
1987,7,19,350.23
1987,7,26,349.77
1987,8,2,348
1987,8,9,348.87
1987,8,16,348.36
1987,8,23,347.92
1987,8,30,346.95
1987,9,6,346.7
1987,9,13,346.96
1987,9,20,345.9
1987,9,27,346.36
1987,10,4,346.5
1987,10,11,346.7
1987,10,18,347.1
1987,10,25,347.03
1987,11,1,347.46
1987,11,8,347.64
1987,11,15,348.19
1987,11,22,348.84
1987,11,29,348.88
1987,12,6,348.86
1987,12,13,349.36
1987,12,20,349.5
1987,12,27,349.89
1988,1,3,350.26
1988,1,10,350.41
1988,1,17,350.67
1988,1,24,350.83
1988,1,31,351.79
1988,2,7,351.22
1988,2,14,351.28
1988,2,21,352.23
1988,2,28,353.15
1988,3,6,352.51
1988,3,13,352.06
1988,3,20,351.84
1988,3,27,353.04
1988,4,3,353.31
1988,4,10,353.44
1988,4,17,353.62
1988,4,24,354.54
1988,5,1,354.06
1988,5,8,354.33
1988,5,15,354.32
1988,5,22,354.8
1988,5,29,354.08
1988,6,5,354.43
1988,6,12,353.86
1988,6,19,353.46
1988,6,26,353.43
1988,7,3,352.95
1988,7,10,353.11
1988,7,17,353.02
1988,7,24,352.1
1988,7,31,350.98
1988,8,7,350.91
1988,8,14,350.23
1988,8,21,350.26
1988,8,28,349.61
1988,9,4,348.92
1988,9,11,349.2
1988,9,18,348.9
1988,9,25,348.85
1988,10,2,349.2
1988,10,9,348.95
1988,10,16,349.54
1988,10,23,349.69
1988,10,30,350.01
1988,11,6,350.1
1988,11,13,350.38
1988,11,20,350.78
1988,11,27,350.83
1988,12,4,351.11
1988,12,11,351.65
1988,12,18,351.78
1988,12,25,352.27
1989,1,1,352.67
1989,1,8,353.29
1989,1,15,353.17
1989,1,22,352.82
1989,1,29,353.47
1989,2,5,352.96
1989,2,12,353.48
1989,2,19,353.76
1989,2,26,353.91
1989,3,5,353.77
1989,3,12,353.71
1989,3,19,354.19
1989,3,26,354.85
1989,4,2,354.81
1989,4,9,355.51
1989,4,16,356.15
1989,4,23,356.39
1989,4,30,355.83
1989,5,7,355.67
1989,5,14,356.18
1989,5,21,356.06
1989,5,28,356.21
1989,6,4,355.64
1989,6,11,355.53
1989,6,18,355.05
1989,6,25,355.08
1989,7,2,354.77
1989,7,9,354.48
1989,7,16,353.62
1989,7,23,353.33
1989,7,30,353.3
1989,8,6,352.69
1989,8,13,352.01
1989,8,20,350.74
1989,8,27,350.8
1989,9,3,351.03
1989,9,10,349.44
1989,9,17,349.63
1989,9,24,349.98
1989,10,1,350.49
1989,10,8,349.94
1989,10,15,350.41
1989,10,22,350.78
1989,10,29,350.52
1989,11,5,351.39
1989,11,12,351.71
1989,11,19,351.9
1989,11,26,352.11
1989,12,3,352.36
1989,12,10,353.14
1989,12,17,352.95
1989,12,24,353.03
1989,12,31,353.72
1990,1,7,353.58
1990,1,14,353.99
1990,1,21,353.92
1990,1,28,354.39
1990,2,4,355.04
1990,2,11,355.09
1990,2,18,355.42
1990,2,25,355.18
1990,3,4,355.59
1990,3,11,355.79
1990,3,18,355.54
1990,3,25,356.13
1990,4,1,356.27
1990,4,8,356.17
1990,4,15,356.23
1990,4,22,356.87
1990,4,29,356.96
1990,5,6,357.7
1990,5,13,357.25
1990,5,20,357.33
1990,5,27,357.38
1990,6,3,356.98
1990,6,10,356.25
1990,6,17,356.18
1990,6,24,355.79
1990,7,1,356.22
1990,7,8,354.99
1990,7,15,354.29
1990,7,22,354.37
1990,7,29,353.99
1990,8,5,353.17
1990,8,12,353.46
1990,8,19,353.08
1990,8,26,351.8
1990,9,2,351.16
1990,9,9,350.86
1990,9,16,351.75
1990,9,23,351.46
1990,9,30,351.4
1990,10,7,351.54
1990,10,14,351.57
1990,10,21,351.73
1990,10,28,352.4
1990,11,4,352.71
1990,11,11,353.15
1990,11,18,353.45
1990,11,25,353.69
1990,12,2,353.9
1990,12,9,354.47
1990,12,16,354.34
1990,12,23,354.83
1990,12,30,354.8
1991,1,6,354.59
1991,1,13,355.02
1991,1,20,354.94
1991,1,27,355.6
1991,2,3,355.33
1991,2,10,355.89
1991,2,17,356.55
1991,2,24,355.84
1991,3,3,357.19
1991,3,10,357.77
1991,3,17,357.27
1991,3,24,357.49
1991,3,31,358.46
1991,4,7,358.07
1991,4,14,358.75
1991,4,21,359.36
1991,4,28,359.29
1991,5,5,358.97
1991,5,12,359.45
1991,5,19,359.76
1991,5,26,358.84
1991,6,2,358.38
1991,6,9,358.55
1991,6,16,358.17
1991,6,23,357.9
1991,6,30,357.32
1991,7,7,356.77
1991,7,14,356.23
1991,7,21,355.26
1991,7,28,355.55
1991,8,4,354.59
1991,8,11,354.4
1991,8,18,353.22
1991,8,25,353.1
1991,9,1,353.13
1991,9,8,352.6
1991,9,15,351.95
1991,9,22,351.96
1991,9,29,351.73
1991,10,6,352.14
1991,10,13,352.6
1991,10,20,352.77
1991,10,27,353.02
1991,11,3,353.84
1991,11,10,353.8
1991,11,17,353.92
1991,11,24,354.19
1991,12,1,354.66
1991,12,8,354.99
1991,12,15,355.23
1991,12,22,355.59
1991,12,29,356.55
1992,1,5,356.2
1992,1,12,356.34
1992,1,19,356.39
1992,1,26,356.18
1992,2,2,356.98
1992,2,9,357.23
1992,2,16,357.39
1992,2,23,357.36
1992,3,1,356.72
1992,3,8,357.98
1992,3,15,358.41
1992,3,22,358.88
1992,3,29,358.08
1992,4,5,359.27
1992,4,12,359.27
1992,4,19,359.77
1992,4,26,359.39
1992,5,3,359.81
1992,5,10,359.06
1992,5,17,359.26
1992,5,24,360.52
1992,5,31,360.57
1992,6,7,359.87
1992,6,14,358.98
1992,6,21,358.75
1992,6,28,358.87
1992,7,5,357.78
1992,7,12,357.03
1992,7,19,356.62
1992,7,26,355.71
1992,8,2,355.23
1992,8,9,355.73
1992,8,16,355.44
1992,8,23,354.44
1992,8,30,353
1992,9,6,354.18
1992,9,13,352.96
1992,9,20,352.49
1992,9,27,352.94
1992,10,4,353.32
1992,10,11,353.67
1992,10,18,353.28
1992,10,25,353.26
1992,11,1,354.35
1992,11,8,354.04
1992,11,15,354.25
1992,11,22,354.82
1992,11,29,354.94
1992,12,6,355.39
1992,12,13,355.55
1992,12,20,356.11
1992,12,27,356.4
1993,1,3,357.05
1993,1,10,357.32
1993,1,17,356.96
1993,1,24,357.15
1993,1,31,357.38
1993,2,7,357.09
1993,2,14,357.27
1993,2,21,357.9
1993,2,28,358.68
1993,3,7,358.43
1993,3,14,358.79
1993,3,21,357.95
1993,3,28,359.31
1993,4,4,358.95
1993,4,11,359.22
1993,4,18,359.74
1993,4,25,359.87
1993,5,2,359.59
1993,5,9,360.23
1993,5,16,360.67
1993,5,23,360.87
1993,5,30,360.11
1993,6,6,359.89
1993,6,13,359.77
1993,6,20,359.3
1993,6,27,358.81
1993,7,4,357.84
1993,7,11,357.84
1993,7,18,357.22
1993,7,25,356.65
1993,8,1,356.55
1993,8,8,355.89
1993,8,15,355.52
1993,8,22,354.94
1993,8,29,354.91
1993,9,5,354.29
1993,9,12,353.95
1993,9,19,354.1
1993,9,26,354.27
1993,10,3,354.17
1993,10,10,353.99
1993,10,17,354.46
1993,10,24,354.45
1993,10,31,354.74
1993,11,7,355.12
1993,11,14,355.73
1993,11,21,356.1
1993,11,28,356.25
1993,12,5,356.64
1993,12,12,356.72
1993,12,19,357.64
1993,12,26,357.59
1994,1,2,358.23
1994,1,9,358.24
1994,1,16,358.52
1994,1,23,358.36
1994,1,30,358.39
1994,2,6,359.04
1994,2,13,358.76
1994,2,20,359.52
1994,2,27,359
1994,3,6,359.46
1994,3,13,360.59
1994,3,20,360.73
1994,3,27,360.94
1994,4,3,361.22
1994,4,10,361.14
1994,4,17,361.43
1994,4,24,361.95
1994,5,1,362.12
1994,5,8,361.51
1994,5,15,361.83
1994,5,22,361.64
1994,5,29,361.54
1994,6,5,361.02
1994,6,12,361.03
1994,6,19,360.95
1994,6,26,360.16
1994,7,3,360.09
1994,7,10,359.77
1994,7,17,359.34
1994,7,24,358.96
1994,7,31,358.6
1994,8,7,358.01
1994,8,14,357.82
1994,8,21,356.99
1994,8,28,356.32
1994,9,4,356.61
1994,9,11,355.39
1994,9,18,355.81
1994,9,25,355.48
1994,10,2,355.83
1994,10,9,355.99
1994,10,16,356.27
1994,10,23,356.69
1994,10,30,356.81
1994,11,6,357.1
1994,11,13,358.27
1994,11,20,357.77
1994,11,27,358.19
1994,12,4,358.86
1994,12,11,359.5
1994,12,18,358.94
1994,12,25,359.47
1995,1,1,359.82
1995,1,8,359.66
1995,1,15,360.49
1995,1,22,360.15
1995,1,29,360.27
1995,2,5,360.88
1995,2,12,361.18
1995,2,19,361.16
1995,2,26,361.82
1995,3,5,361.92
1995,3,12,361.25
1995,3,19,361.91
1995,3,26,362.99
1995,4,2,363.9
1995,4,9,362.96
1995,4,16,363.16
1995,4,23,363.63
1995,4,30,362.96
1995,5,7,364
1995,5,14,364.55
1995,5,21,363.82
1995,5,28,363.83
1995,6,4,363.93
1995,6,11,363.19
1995,6,18,363.05
1995,6,25,362.57
1995,7,2,362.45
1995,7,9,362.24
1995,7,16,361.57
1995,7,23,361.12
1995,7,30,360.28
1995,8,6,359.9
1995,8,13,358.89
1995,8,20,358.79
1995,8,27,358.26
1995,9,3,358.46
1995,9,10,358.73
1995,9,17,358.91
1995,9,24,357.76
1995,10,1,357.95
1995,10,8,357.87
1995,10,15,358.14
1995,10,22,358.37
1995,10,29,358.99
1995,11,5,359.23
1995,11,12,359.71
1995,11,19,359.94
1995,11,26,359.97
1995,12,3,360.36
1995,12,10,360.69
1995,12,17,360.77
1995,12,24,361.54
1995,12,31,361.98
1996,1,7,362.33
1996,1,14,362.04
1996,1,21,362.33
1996,1,28,362.54
1996,2,4,363.04
1996,2,11,363.15
1996,2,18,363.69
1996,2,25,364.06
1996,3,3,364.1
1996,3,10,363.82
1996,3,17,364.58
1996,3,24,364.61
1996,3,31,364.38
1996,4,7,364.73
1996,4,14,364.83
1996,4,21,364.65
1996,4,28,365.15
1996,5,5,364.82
1996,5,12,365.6
1996,5,19,365.4
1996,5,26,365.17
1996,6,2,365.1
1996,6,9,365.42
1996,6,16,365.21
1996,6,23,364.64
1996,6,30,364.56
1996,7,7,363.95
1996,7,14,363.64
1996,7,21,363.26
1996,7,28,362.25
1996,8,4,362.16
1996,8,11,361.92
1996,8,18,361.15
1996,8,25,361.01
1996,9,1,360.23
1996,9,8,360.08
1996,9,15,359.15
1996,9,22,359.37
1996,9,29,359.43
1996,10,6,359.58
1996,10,13,359.9
1996,10,20,359.66
1996,10,27,360.13
1996,11,3,360.42
1996,11,10,361
1996,11,17,361.52
1996,11,24,361.4
1996,12,1,361.78
1996,12,8,362.38
1996,12,15,362.63
1996,12,22,362.47
1996,12,29,362.92
1997,1,5,363.11
1997,1,12,363.12
1997,1,19,363.65
1997,1,26,363.34
1997,2,2,363.69
1997,2,9,364.43
1997,2,16,363.78
1997,2,23,364.96
1997,3,2,364.01
1997,3,9,364.3
1997,3,16,364.77
1997,3,23,365.33
1997,3,30,365.88
1997,4,6,366.1
1997,4,13,366.63
1997,4,20,366.84
1997,4,27,366.75
1997,5,4,366.6
1997,5,11,366.96
1997,5,18,367.15
1997,5,25,366.36
1997,6,1,366.21
1997,6,8,365.89
1997,6,15,365.5
1997,6,22,365.36
1997,6,29,365.25
1997,7,6,364.93
1997,7,13,364.62
1997,7,20,363.76
1997,7,27,363.73
1997,8,3,363.33
1997,8,10,362.78
1997,8,17,361.33
1997,8,24,361.69
1997,8,31,361.59
1997,9,7,360.23
1997,9,14,360.48
1997,9,21,360.03
1997,9,28,360.14
1997,10,5,360.68
1997,10,12,360.87
1997,10,19,361.17
1997,10,26,361.45
1997,11,2,362.21
1997,11,9,362.29
1997,11,16,362.68
1997,11,23,363.42
1997,11,30,364.11
1997,12,7,364.19
1997,12,14,364.45
1997,12,21,364.87
1997,12,28,365.15
1998,1,4,365.43
1998,1,11,365.43
1998,1,18,365.22
1998,1,25,365.5
1998,2,1,366.09
1998,2,8,365.74
1998,2,15,365.8
1998,2,22,366.79
1998,3,1,367.24
1998,3,8,366.79
1998,3,15,366.96
1998,3,22,367.9
1998,3,29,368.95
1998,4,5,368.47
1998,4,12,368.61
1998,4,19,368.48
1998,4,26,369.69
1998,5,3,369.86
1998,5,10,368.45
1998,5,17,369.72
1998,5,24,370.08
1998,5,31,369.74
1998,6,7,369.27
1998,6,14,368.94
1998,6,21,368.91
1998,6,28,368.34
1998,7,5,368.58
1998,7,12,367.89
1998,7,19,368.06
1998,7,26,367.25
1998,8,2,367.05
1998,8,9,366.38
1998,8,16,365.69
1998,8,23,365.49
1998,8,30,364.89
1998,9,6,364.45
1998,9,13,363.79
1998,9,20,363.65
1998,9,27,364.19
1998,10,4,364.24
1998,10,11,364.44
1998,10,18,364.67
1998,10,25,364.94
1998,11,1,365.08
1998,11,8,365.54
1998,11,15,366.1
1998,11,22,365.97
1998,11,29,366.74
1998,12,6,366.97
1998,12,13,367.32
1998,12,20,367.44
1998,12,27,367.79
1999,1,3,367.97
1999,1,10,368.27
1999,1,17,367.97
1999,1,24,369.26
1999,1,31,369.43
1999,2,7,369.27
1999,2,14,368.79
1999,2,21,369.24
1999,2,28,368.19
1999,3,7,369.39
1999,3,14,370.34
1999,3,21,370.73
1999,3,28,370.83
1999,4,4,371.9
1999,4,11,371.67
1999,4,18,370.45
1999,4,25,370.76
1999,5,2,371.69
1999,5,9,371.24
1999,5,16,370.74
1999,5,23,370.89
1999,5,30,370.88
1999,6,6,370.55
1999,6,13,370.58
1999,6,20,370.05
1999,6,27,369.94
1999,7,4,370.21
1999,7,11,370.29
1999,7,18,369.25
1999,7,25,368.43
1999,8,1,367.85
1999,8,8,367.5
1999,8,15,366.75
1999,8,22,366.42
1999,8,29,365.32
1999,9,5,364.48
1999,9,12,365.31
1999,9,19,365.2
1999,9,26,364.82
1999,10,3,365.3
1999,10,10,365.34
1999,10,17,365.75
1999,10,24,365.8
1999,10,31,366.13
1999,11,7,366.8
1999,11,14,366.91
1999,11,21,367.24
1999,11,28,367.6
1999,12,5,368.03
1999,12,12,368.05
1999,12,19,368.43
1999,12,26,368.9
2000,1,2,368.89
2000,1,9,369.03
2000,1,16,370.19
2000,1,23,370.24
2000,1,30,369.41
2000,2,6,369.77
2000,2,13,370.14
2000,2,20,369.52
2000,2,27,370.27
2000,3,5,370.24
2000,3,12,370.8
2000,3,19,371.05
2000,3,26,371.29
2000,4,2,371.23
2000,4,9,372.17
2000,4,16,372.5
2000,4,23,372.08
2000,4,30,371.07
2000,5,7,372.04
2000,5,14,371.67
2000,5,21,372.24
2000,5,28,372.04
2000,6,4,372.08
2000,6,11,371.83
2000,6,18,371.95
2000,6,25,371.41
2000,7,2,370.39
2000,7,9,370.31
2000,7,16,370.1
2000,7,23,369.35
2000,7,30,369.08
2000,8,6,368.62
2000,8,13,368.4
2000,8,20,367.68
2000,8,27,367.7
2000,9,3,367.32
2000,9,10,367.33
2000,9,17,366.86
2000,9,24,366.86
2000,10,1,366.78
2000,10,8,366.88
2000,10,15,367.14
2000,10,22,367.62
2000,10,29,368
2000,11,5,368.2
2000,11,12,368.75
2000,11,19,368.64
2000,11,26,368.85
2000,12,3,369.84
2000,12,10,369.83
2000,12,17,369.81
2000,12,24,370.02
2000,12,31,370.34
2001,1,7,370.46
2001,1,14,370.84
2001,1,21,370.69
2001,1,28,371.53
2001,2,4,371.76
2001,2,11,372.14
2001,2,18,371.66
2001,2,25,371.9
2001,3,4,372.37
2001,3,11,372.67
2001,3,18,372.72
2001,3,25,372.58
2001,4,1,372.63
2001,4,8,373.79
2001,4,15,373.9
2001,4,22,373.79
2001,4,29,373.73
2001,5,6,374.12
2001,5,13,373.88
2001,5,20,374.09
2001,5,27,374.07
2001,6,3,373.65
2001,6,10,373.23
2001,6,17,373.3
2001,6,24,373.2
2001,7,1,372.66
2001,7,8,371.52
2001,7,15,371.48
2001,7,22,371.04
2001,7,29,371.06
2001,8,5,370.09
2001,8,12,369.36
2001,8,19,369.48
2001,8,26,369.45
2001,9,2,368.5
2001,9,9,368.72
2001,9,16,368.21
2001,9,23,367.97
2001,9,30,368.21
2001,10,7,368.46
2001,10,14,368.33
2001,10,21,368.87
2001,10,28,369.29
2001,11,4,369.29
2001,11,11,370.01
2001,11,18,370.4
2001,11,25,370.61
2001,12,2,370.96
2001,12,9,371.4
2001,12,16,371.44
2001,12,23,371.87
2001,12,30,372.38
2002,1,6,372.38
2002,1,13,372.91
2002,1,20,372.75
2002,1,27,372.99
2002,2,3,373.13
2002,2,10,373.18
2002,2,17,373.26
2002,2,24,373.91
2002,3,3,374.06
2002,3,10,374.31
2002,3,17,374.81
2002,3,24,374.45
2002,3,31,374.43
2002,4,7,374.7
2002,4,14,375.4
2002,4,21,375.59
2002,4,28,376.23
2002,5,5,375.76
2002,5,12,375.24
2002,5,19,376.1
2002,5,26,376.41
2002,6,2,376.07
2002,6,9,375.62
2002,6,16,375.4
2002,6,23,375.66
2002,6,30,374.99
2002,7,7,374.63
2002,7,14,374.09
2002,7,21,373.51
2002,7,28,373.49
2002,8,4,372.75
2002,8,11,371.99
2002,8,18,371.5
2002,8,25,371.11
2002,9,1,370.43
2002,9,8,371.81
2002,9,15,371.01
2002,9,22,370.67
2002,9,29,370.05
2002,10,6,370.08
2002,10,13,371.41
2002,10,20,370.87
2002,10,27,371.24
2002,11,3,372.14
2002,11,10,372.04
2002,11,17,372.91
2002,11,24,372.94
2002,12,1,373.23
2002,12,8,373.77
2002,12,15,373.76
2002,12,22,374.66
2002,12,29,374.88
2003,1,5,374.73
2003,1,12,375.21
2003,1,19,375.1
2003,1,26,375.48
2003,2,2,375.35
2003,2,9,375.3
2003,2,16,376.57
2003,2,23,376.2
2003,3,2,376.49
2003,3,9,376.55
2003,3,16,376.15
2003,3,23,377.18
2003,3,30,377.03
2003,4,6,377.32
2003,4,13,377.98
2003,4,20,378.54
2003,4,27,378.81
2003,5,4,378.25
2003,5,11,378.25
2003,5,18,379.62
2003,5,25,378.91
2003,6,1,378.59
2003,6,8,378.68
2003,6,15,378.3
2003,6,22,378.49
2003,6,29,377.76
2003,7,6,376.74
2003,7,13,377.41
2003,7,20,376.57
2003,7,27,376.08
2003,8,3,375.12
2003,8,10,374.9
2003,8,17,374.06
2003,8,24,373.61
2003,8,31,373.37
2003,9,7,373.3
2003,9,14,373.05
2003,9,21,373.51
2003,9,28,373.45
2003,10,5,373.09
2003,10,12,372.95
2003,10,19,373.6
2003,10,26,373.56
2003,11,2,374.14
2003,11,9,374.7
2003,11,16,375.06
2003,11,23,375.45
2003,11,30,375.49
2003,12,7,375.95
2003,12,14,376.51
2003,12,21,376.31
2003,12,28,376.53
2004,1,4,376.51
2004,1,11,377.13
2004,1,18,377.28
2004,1,25,378.13
2004,2,1,378.06
2004,2,8,378.61
2004,2,15,377.67
2004,2,22,377.79
2004,2,29,378.46
2004,3,7,379.14
2004,3,14,379.4
2004,3,21,378.67
2004,3,28,379.9
2004,4,4,380.2
2004,4,11,380.92
2004,4,18,380.56
2004,4,25,380.82
2004,5,2,380.9
2004,5,9,380.89
2004,5,16,380.43
2004,5,23,381.25
2004,5,30,380.11
2004,6,6,380.27
2004,6,13,380.34
2004,6,20,379.55
2004,6,27,379.32
2004,7,4,378.51
2004,7,11,378.07
2004,7,18,376.92
2004,7,25,376.59
2004,8,1,376.91
2004,8,8,376.41
2004,8,15,375.95
2004,8,22,376.27
2004,8,29,374.17
2004,9,5,374.62
2004,9,12,374.23
2004,9,19,374.57
2004,9,26,374.48
2004,10,3,374.16
2004,10,10,374.4
2004,10,17,374.74
2004,10,24,375.13
2004,10,31,375.48
2004,11,7,375.63
2004,11,14,376.98
2004,11,21,376.9
2004,11,28,376.99
2004,12,5,377.72
2004,12,12,377.4
2004,12,19,377.95
2004,12,26,377.99
2005,1,2,378.36
2005,1,9,378.61
2005,1,16,378.52
2005,1,23,378.8
2005,1,30,379.59
2005,2,6,379.4
2005,2,13,380.1
2005,2,20,380.06
2005,2,27,381.54
2005,3,6,380.24
2005,3,13,381.46
2005,3,20,380.4
2005,3,27,381.95
2005,4,3,382.49
2005,4,10,382.28
2005,4,17,382.35
2005,4,24,382.76
2005,5,1,382.13
2005,5,8,382.15
2005,5,15,382.82
2005,5,22,383.2
2005,5,29,382.98
2005,6,5,382.82
2005,6,12,382.6
2005,6,19,382.13
2005,6,26,381.56
2005,7,3,381.28
2005,7,10,381.05
2005,7,17,380.95
2005,7,24,380.34
2005,7,31,380.03
2005,8,7,379.1
2005,8,14,379.02
2005,8,21,378.18
2005,8,28,378.14
2005,9,4,377.55
2005,9,11,376.41
2005,9,18,376.53
2005,9,25,376.64
2005,10,2,376.83
2005,10,9,377.1
2005,10,16,-999.99
2005,10,23,377.7
2005,10,30,378
2005,11,6,378.14
2005,11,13,379.05
2005,11,20,378.67
2005,11,27,379.22
2005,12,4,380.12
2005,12,11,380.37
2005,12,18,380.44
2005,12,25,380.69
2006,1,1,381.46
2006,1,8,381.4
2006,1,15,381.75
2006,1,22,381.82
2006,1,29,381.82
2006,2,5,382.49
2006,2,12,382.8
2006,2,19,382.13
2006,2,26,382.33
2006,3,5,383.08
2006,3,12,383.06
2006,3,19,383.09
2006,3,26,382.62
2006,4,2,384.37
2006,4,9,384.96
2006,4,16,385.05
2006,4,23,384.94
2006,4,30,385.07
2006,5,7,385.21
2006,5,14,385.51
2006,5,21,385.14
2006,5,28,384.85
2006,6,4,384.37
2006,6,11,384.46
2006,6,18,384.12
2006,6,25,383.63
2006,7,2,383.3
2006,7,9,383.01
2006,7,16,381.98
2006,7,23,382.3
2006,7,30,381.7
2006,8,6,380.78
2006,8,13,380.59
2006,8,20,379.98
2006,8,27,379.74
2006,9,3,378.81
2006,9,10,379.36
2006,9,17,378.86
2006,9,24,379.06
2006,10,1,379.11
2006,10,8,379.09
2006,10,15,379.12
2006,10,22,379.67
2006,10,29,379.84
2006,11,5,379.96
2006,11,12,380.19
2006,11,19,380.57
2006,11,26,381.44
2006,12,3,381.67
2006,12,10,381.9
2006,12,17,382.39
2006,12,24,382.18
2006,12,31,382.29
2007,1,7,383.14
2007,1,14,382.65
2007,1,21,383.77
2007,1,28,383.88
2007,2,4,383.48
2007,2,11,385.03
2007,2,18,384.93
2007,2,25,384.22
2007,3,4,383.62
2007,3,11,384.55
2007,3,18,385.29
2007,3,25,386.08
2007,4,1,386.07
2007,4,8,385.93
2007,4,15,387.51
2007,4,22,387.18
2007,4,29,386.82
2007,5,6,386.46
2007,5,13,386.88
2007,5,20,386.74
2007,5,27,387.14
2007,6,3,387.13
2007,6,10,386.66
2007,6,17,385.93
2007,6,24,385.27
2007,7,1,385.61
2007,7,8,385.35
2007,7,15,384.32
2007,7,22,384.04
2007,7,29,383.11
2007,8,5,382.7
2007,8,12,382.11
2007,8,19,382.33
2007,8,26,381.86
2007,9,2,381.76
2007,9,9,380.88
2007,9,16,381.03
2007,9,23,380.91
2007,9,30,381.12
2007,10,7,381.19
2007,10,14,381.27
2007,10,21,381.59
2007,10,28,382
2007,11,4,382.26
2007,11,11,382.46
2007,11,18,383.29
2007,11,25,383.12
2007,12,2,383.91
2007,12,9,383.95
2007,12,16,384.63
2007,12,23,384.18
2007,12,30,385.02
2008,1,6,384.67
2008,1,13,386.05
2008,1,20,386.25
2008,1,27,387.02
2008,2,3,386.25
2008,2,10,386.2
2008,2,17,385.54
2008,2,24,385.62
2008,3,2,386.06
2008,3,9,385.95
2008,3,16,386.08
2008,3,23,386.97
2008,3,30,388.31
2008,4,6,386.98
2008,4,13,386.72
2008,4,20,387.58
2008,4,27,387.52
2008,5,4,388.77
2008,5,11,389.11
2008,5,18,389.13
2008,5,25,388.82
2008,6,1,388.76
2008,6,8,387.74
2008,6,15,388.11
2008,6,22,387.53
2008,6,29,-999.99
2008,7,6,-999.99
2008,7,13,-999.99
2008,7,20,386.61
2008,7,27,385.14
2008,8,3,385.46
2008,8,10,384.17
2008,8,17,383.91
2008,8,24,383.52
2008,8,31,383.73
2008,9,7,383.26
2008,9,14,383.6
2008,9,21,383.28
2008,9,28,382.97
2008,10,5,383.1
2008,10,12,383.07
2008,10,19,383.29
2008,10,26,384.21
2008,11,2,384.01
2008,11,9,384.33
2008,11,16,384.57
2008,11,23,384.72
2008,11,30,385.28
2008,12,7,385.52
2008,12,14,385.77
2008,12,21,386.15
2008,12,28,386.46
2009,1,4,386.63
2009,1,11,387.24
2009,1,18,387.37
2009,1,25,387.74
2009,2,1,387.25
2009,2,8,387.16
2009,2,15,387.84
2009,2,22,388.45
2009,3,1,389.3
2009,3,8,389.03
2009,3,15,388.42
2009,3,22,389.51
2009,3,29,389.26
2009,4,5,389.65
2009,4,12,389.15
2009,4,19,389.78
2009,4,26,390.74
2009,5,3,389.98
2009,5,10,390.39
2009,5,17,390.6
2009,5,24,390.62
2009,5,31,390.07
2009,6,7,390.42
2009,6,14,389.64
2009,6,21,388.73
2009,6,28,388.9
2009,7,5,388.7
2009,7,12,388.57
2009,7,19,387.9
2009,7,26,387.58
2009,8,2,387.28
2009,8,9,386.22
2009,8,16,385.91
2009,8,23,385.83
2009,8,30,385.36
2009,9,6,384.9
2009,9,13,384.96
2009,9,20,384.84
2009,9,27,384.23
2009,10,4,384.08
2009,10,11,384.58
2009,10,18,384.92
2009,10,25,385.22
2009,11,1,385.58
2009,11,8,385.9
2009,11,15,386.55
2009,11,22,386.59
2009,11,29,387.28
2009,12,6,387.18
2009,12,13,387.07
2009,12,20,388.61
2009,12,27,388.8
2010,1,3,388.37
2010,1,10,388.54
2010,1,17,388.54
2010,1,24,389.21
2010,1,31,390.91
2010,2,7,390.55
2010,2,14,390.43
2010,2,21,389.79
2010,2,28,391.14
2010,3,7,391.59
2010,3,14,391.38
2010,3,21,390.5
2010,3,28,391.96
2010,4,4,391.39
2010,4,11,392.93
2010,4,18,393.53
2010,4,25,393.42
2010,5,2,393.2
2010,5,9,392.81
2010,5,16,393.64
2010,5,23,392.93
2010,5,30,393.51
2010,6,6,392.99
2010,6,13,392.1
2010,6,20,391.86
2010,6,27,391.36
2010,7,4,390.77
2010,7,11,390.06
2010,7,18,390.47
2010,7,25,390.04
2010,8,1,389.07
2010,8,8,389.02
2010,8,15,388.67
2010,8,22,387.8
2010,8,29,387.72
2010,9,5,386.32
2010,9,12,387.24
2010,9,19,386.96
2010,9,26,386.97
2010,10,3,387.14
2010,10,10,387.02
2010,10,17,387.62
2010,10,24,388.02
2010,10,31,388.24
2010,11,7,388.25
2010,11,14,388.82
2010,11,21,389.69
2010,11,28,389.86
2010,12,5,389.97
2010,12,12,389.64
2010,12,19,390.34
2010,12,26,390.14
2011,1,2,391.74
2011,1,9,390.96
2011,1,16,391.7
2011,1,23,391.56
2011,1,30,392.26
2011,2,6,391.63
2011,2,13,391.84
2011,2,20,392.24
2011,2,27,392.26
2011,3,6,392.07
2011,3,13,392.69
2011,3,20,393.09
2011,3,27,394.21
2011,4,3,393.19
2011,4,10,393.28
2011,4,17,393.73
2011,4,24,393.5
2011,5,1,394.33
2011,5,8,393.08
2011,5,15,395.1
2011,5,22,395.29
2011,5,29,394.41
2011,6,5,393.7
2011,6,12,394
2011,6,19,393.75
2011,6,26,393.65
2011,7,3,393.71
2011,7,10,393.49
2011,7,17,391.52
2011,7,24,392.18
2011,7,31,391.4
2011,8,7,390.8
2011,8,14,390.34
2011,8,21,389.59
2011,8,28,389.7
2011,9,4,389.24
2011,9,11,389.35
2011,9,18,389.29
2011,9,25,388.87
2011,10,2,388.98
2011,10,9,389.01
2011,10,16,389.23
2011,10,23,389.44
2011,10,30,389.81
2011,11,6,389.97
2011,11,13,390.66
2011,11,20,390.7
2011,11,27,391.34
2011,12,4,391.56
2011,12,11,392.21
2011,12,18,392.65
2011,12,25,392.4
2012,1,1,393.15
2012,1,8,393.57
2012,1,15,393.17
2012,1,22,393.53
2012,1,29,393.43
2012,2,5,393.9
2012,2,12,393.68
2012,2,19,394.61
2012,2,26,394.45
2012,3,4,393.73
2012,3,11,394.46
2012,3,18,394.98
2012,3,25,395.32
2012,4,1,395.51
2012,4,8,396.81
2012,4,15,396.35
2012,4,22,396.8
2012,4,29,397.11
2012,5,6,397.32
2012,5,13,397.18
2012,5,20,396.31
2012,5,27,396.48
2012,6,3,395.93
2012,6,10,396.43
2012,6,17,395.77
2012,6,24,395.45
2012,7,1,395.15
2012,7,8,394.56
2012,7,15,394.66
2012,7,22,394.28
2012,7,29,393.62
2012,8,5,393.43
2012,8,12,392.71
2012,8,19,391.57
2012,8,26,391.99
2012,9,2,392.06
2012,9,9,391.1
2012,9,16,390.99
2012,9,23,391.09
2012,9,30,391.02
2012,10,7,391.18
2012,10,14,391.11
2012,10,21,391.56
2012,10,28,391.78
2012,11,4,392.52
2012,11,11,393.48
2012,11,18,393.39
2012,11,25,393.93
2012,12,2,393.88
2012,12,9,394.62
2012,12,16,394.75
2012,12,23,395.06
2012,12,30,394.73
2013,1,6,395.59
2013,1,13,396.21
2013,1,20,396.01
2013,1,27,395.99
2013,2,3,396.86
2013,2,10,397.2
2013,2,17,397.37
2013,2,24,396.96
2013,3,3,397.88
2013,3,10,397.17
2013,3,17,397.58
2013,3,24,398.19
2013,3,31,398.3
2013,4,7,398
2013,4,14,398.19
2013,4,21,399.44
2013,4,28,399.76
2013,5,5,399.75
2013,5,12,399.98
2013,5,19,400.17
2013,5,26,400.12
2013,6,2,399.4
2013,6,9,398.8
2013,6,16,398.33
2013,6,23,398.84
2013,6,30,398.43
2013,7,7,397.93
2013,7,14,397.27
2013,7,21,397.01
2013,7,28,396.87
2013,8,4,395.86
2013,8,11,395.32
2013,8,18,395.34
2013,8,25,394.42
2013,9,1,394.05
2013,9,8,393.59
2013,9,15,393.73
2013,9,22,393.58
2013,9,29,393.52
2013,10,6,393.55
2013,10,13,393.88
2013,10,20,394.19
2013,10,27,394.44
2013,11,3,394.67
2013,11,10,395.73
2013,11,17,395.07
2013,11,24,396.2
2013,12,1,396.46
2013,12,8,396.33
2013,12,15,397.61
2013,12,22,397.46
2013,12,29,397.6
2014,1,5,398.41
2014,1,12,397.93
2014,1,19,398.15
2014,1,26,398.02
2014,2,2,398.16
2014,2,9,398.06
2014,2,16,398.27
2014,2,23,398.47
2014,3,2,398.64
2014,3,9,400.07
2014,3,16,401.36
2014,3,23,400.3
2014,3,30,400.8
2014,4,6,401.29
2014,4,13,401.72
2014,4,20,401.77
2014,4,27,401.92
2014,5,4,401.9
2014,5,11,401.91
2014,5,18,401.93
2014,5,25,402
2014,6,1,401.99
2014,6,8,401.68
2014,6,15,401.21
2014,6,22,401.12
2014,6,29,400.43
2014,7,6,400.12
2014,7,13,399.1
2014,7,20,399.12
2014,7,27,397.77
2014,8,3,398.06
2014,8,10,397.5
2014,8,17,397.04
2014,8,24,396.59
2014,8,31,396.63
2014,9,7,395.27
2014,9,14,395.33
2014,9,21,395.71
2014,9,28,395.58
2014,10,5,395.82
2014,10,12,395.91
2014,10,19,396.12
2014,10,26,397.81
2014,11,2,397.04
2014,11,9,397.46
2014,11,16,397.6
2014,11,23,398.15
2014,11,30,398.47
2014,12,7,399.39
2014,12,14,399.36
2014,12,21,399.11
2014,12,28,400.03
2015,1,4,400.05
2015,1,11,400.36
2015,1,18,399.7
2015,1,25,400.39
2015,2,1,400.44
2015,2,8,400.14
2015,2,15,400.11
2015,2,22,401.53
2015,3,1,401.48
2015,3,8,402.23
2015,3,15,400.98
2015,3,22,401.97
2015,3,29,402
2015,4,5,403.4
2015,4,12,404.23
2015,4,19,403.27
2015,4,26,403.99
2015,5,3,404.33
2015,5,10,404.16
2015,5,17,404.16
2015,5,24,403.99
2015,5,31,403.37
2015,6,7,403.41
2015,6,14,402.56
2015,6,21,402.88
2015,6,28,402.33
2015,7,5,401.9
2015,7,12,401.57
2015,7,19,401.43
2015,7,26,400.38
2015,8,2,398.54
2015,8,9,399.37
2015,8,16,399.32
2015,8,23,399.04
2015,8,30,398.68
2015,9,6,397.96
2015,9,13,397.43
2015,9,20,397.52
2015,9,27,397.41
2015,10,4,398.56
2015,10,11,398.37
2015,10,18,398.71
2015,10,25,398.68
2015,11,1,399.26
2015,11,8,400.22
2015,11,15,400.55
2015,11,22,400.58
2015,11,29,401
2015,12,6,401.52
2015,12,13,402.55
2015,12,20,402.81
2015,12,27,402.28
2016,1,3,402.32
2016,1,10,402.65
2016,1,17,402.78
2016,1,24,403.33
2016,1,31,404.75
2016,2,7,403.98
2016,2,14,403.85
2016,2,21,404.59
2016,2,28,404.24
2016,3,6,404.18
2016,3,13,404.97
2016,3,20,405.85
2016,3,27,405.64
2016,4,3,406.78
2016,4,10,408.91
2016,4,17,407.64
2016,4,24,407.9
2016,5,1,407.73
2016,5,8,408.05
2016,5,15,407.49
2016,5,22,408.51
2016,5,29,407.64
2016,6,5,407.04
2016,6,12,407.39
2016,6,19,406.85
2016,6,26,406.17
2016,7,3,405.75
2016,7,10,404.68
2016,7,17,403.59
2016,7,24,404.04
2016,7,31,403.68
2016,8,7,403.08
2016,8,14,402.05
2016,8,21,402.11
2016,8,28,401.16
2016,9,4,401.18
2016,9,11,401.47
2016,9,18,401.08
2016,9,25,400.94
2016,10,2,401.13
2016,10,9,401.78
2016,10,16,401.86
2016,10,23,402.35
2016,10,30,403
2016,11,6,403
2016,11,13,403.79
2016,11,20,404.19
2016,11,27,404.75
2016,12,4,404.09
2016,12,11,405.02
2016,12,18,404.62
2016,12,25,404.96
2017,1,1,406.14
2017,1,8,406.2
2017,1,15,406.41
2017,1,22,406.71
2017,1,29,406.43
2017,2,5,406.26
2017,2,12,406.14
2017,2,19,407.17
2017,2,26,407.6
2017,3,5,406.34
2017,3,12,407.77
2017,3,19,407.02
2017,3,26,408.6
2017,4,2,407.84
2017,4,9,409.03
2017,4,16,409.84
2017,4,23,410.17
2017,4,30,409.39
2017,5,7,409.52
2017,5,14,410.6
2017,5,21,410.2
2017,5,28,409.77
2017,6,4,409.89
2017,6,11,409.63
2017,6,18,408.51
2017,6,25,407.95
2017,7,2,408.28
2017,7,9,407.26
2017,7,16,407.01
2017,7,23,406.92
2017,7,30,406.67
2017,8,6,405.73
2017,8,13,405.39
2017,8,20,404.74
2017,8,27,404.39
2017,9,3,403.89
2017,9,10,403.87
2017,9,17,403.25
2017,9,24,402.95
2017,10,1,403.15
2017,10,8,403.61
2017,10,15,404.14
2017,10,22,404.19
2017,10,29,404.34
2017,11,5,404.44
2017,11,12,405.26
2017,11,19,406.31
2017,11,26,406.52
2017,12,3,406.94
2017,12,10,406.74
2017,12,17,406.99
2017,12,24,407.41
2017,12,31,407.57
2018,1,7,408.33
2018,1,14,408.08
2018,1,21,408.47
2018,1,28,408.07
2018,2,4,408.4
2018,2,11,408.56
2018,2,18,408.65
2018,2,25,409.09
2018,3,4,410.03
2018,3,11,408.91
2018,3,18,409.32
2018,3,25,410.22
2018,4,1,409.39
2018,4,8,409.65
2018,4,15,411.26
2018,4,22,411.88
2018,4,29,409.86
2018,5,6,411.26
2018,5,13,412.07
2018,5,20,411.65
2018,5,27,411.61
2018,6,3,411.14
2018,6,10,411.36
2018,6,17,410.56
2018,6,24,410.76
2018,7,1,409.6
2018,7,8,409.35
2018,7,15,408.74
2018,7,22,408.48
2018,7,29,407.65
2018,8,5,407.42
2018,8,12,407.26
2018,8,19,407.03
2018,8,26,406.3
2018,9,2,405.68
2018,9,9,405.58
2018,9,16,405.88
2018,9,23,405.74
2018,9,30,405.69
2018,10,7,405.77
2018,10,14,406.2
2018,10,21,406.81
2018,10,28,406.67
2018,11,4,407.18
2018,11,11,408.94
2018,11,18,408.78
2018,11,25,408.58
2018,12,2,408.68
2018,12,9,409.6
2018,12,16,409.51
2018,12,23,409.33
2018,12,30,409.8
2019,1,6,410.86
2019,1,13,410.55
2019,1,20,412.19
2019,1,27,411.23
2019,2,3,411.83
2019,2,10,412.63
2019,2,17,411.19
2019,2,24,412.62
2019,3,3,412.37
2019,3,10,412.37
2019,3,17,412.02
2019,3,24,411.53
2019,3,31,412.4
2019,4,7,413.35
2019,4,14,413.82
2019,4,21,413.99
2019,4,28,414.52
2019,5,5,414.54
2019,5,12,415.62
2019,5,19,414.97
2019,5,26,414.52
2019,6,2,414.62
2019,6,9,414.31
2019,6,16,414.09
2019,6,23,413.64
2019,6,30,413.66
2019,7,7,412.32
2019,7,14,412.38
2019,7,21,411.08
2019,7,28,410.29
2019,8,4,410.56
2019,8,11,410.5
2019,8,18,409.8
2019,8,25,409.68
2019,9,1,409.07
2019,9,8,408.84
2019,9,15,408.63
2019,9,22,408.55
2019,9,29,408.2
2019,10,6,408.61
2019,10,13,408.85
2019,10,20,408.95
2019,10,27,409.52
2019,11,3,410.13
2019,11,10,410.42
2019,11,17,410.41
2019,11,24,410.95
2019,12,1,411.29
2019,12,8,411.55
2019,12,15,412.11
2019,12,22,412.43
2019,12,29,413.21
2020,1,5,413.6
2020,1,12,413.02
2020,1,19,413.87
2020,1,26,414.26
2020,2,2,414.53
2020,2,9,414.63
2020,2,16,414.29
2020,2,23,413.95
2020,3,1,414.09
2020,3,8,414.34
2020,3,15,414.51
2020,3,22,415.76
2020,3,29,415.98
2020,4,5,416.68
2020,4,12,416.51
2020,4,19,416.12
2020,4,26,417.05
2020,5,3,417.06
2020,5,10,417.03
2020,5,17,417.21
2020,5,24,417.67
2020,5,31,417.44
2020,6,7,416.58
2020,6,14,416.44
2020,6,21,416.29
2020,6,28,415.67
2020,7,5,415.47
2020,7,12,414.76
2020,7,19,414.11
2020,7,26,413.48
2020,8,2,413.4
2020,8,9,412.98
2020,8,16,412.62
2020,8,23,412.19
2020,8,30,411.82
2020,9,6,411.6
2020,9,13,411.7
2020,9,20,411.23
2020,9,27,411.29
2020,10,4,411.28
2020,10,11,411.34
2020,10,18,411.75
2020,10,25,411.71
2020,11,1,411.99
2020,11,8,413.01
2020,11,15,412.76
2020,11,22,414.07
2020,11,29,413.97
2020,12,6,413.63
2020,12,13,414.15
2020,12,20,414.84
2020,12,27,415.33
2021,1,3,415.38
2021,1,10,415.07
2021,1,17,415.42
2021,1,24,416.01
2021,1,31,417.12
2021,2,7,416.92
2021,2,14,416.51
2021,2,21,416.31
2021,2,28,417.97
2021,3,7,416.94
2021,3,14,417.79
2021,3,21,417.72
2021,3,28,418.03
2021,4,4,419.28
2021,4,11,418.96
2021,4,18,418.2
2021,4,25,420.01
2021,5,2,419.53
